id,action_time,object_id,object_repr,change_message,content_type_id,user_id,action_flag
1,2018-05-15 17:27:52.209067,1,微信开发,"[{""added"": {}}]",7,1,1
2,2018-05-15 17:42:56.177361,1,城市公共信息服务平台,"[{""added"": {}}]",8,1,1
3,2018-05-15 17:51:33.515918,1,城市公共信息服务平台,"[{""changed"": {""fields"": [""abstract"", ""content""]}}]",8,1,2
4,2018-05-15 17:57:31.545809,1,城市公共信息服务平台,"[{""changed"": {""fields"": [""abstract"", ""content""]}}]",8,1,2
5,2018-05-15 21:09:30.472363,1,城市公共信息服务平台,"[{""changed"": {""fields"": [""abstract"", ""content""]}}]",8,1,2
6,2018-05-15 21:10:25.290499,1,城市公共信息服务平台,"[{""changed"": {""fields"": [""abstract"", ""slug""]}}]",8,1,2
7,2018-05-16 15:31:23.170129,2,标题一,"[{""added"": {}}]",8,1,1
8,2018-05-16 16:14:44.651497,3,title1,"[{""added"": {}}]",8,1,1
9,2018-05-16 16:15:13.271348,3,title1234,"[{""changed"": {""fields"": [""title"", ""published""]}}]",8,1,2
10,2018-05-16 17:03:51.446876,3,title1234,"",8,1,3
11,2018-05-16 17:03:51.636076,2,标题一,"",8,1,3
12,2018-05-16 17:10:17.250302,4,标题一,"[{""added"": {}}]",8,1,1
13,2018-05-16 17:25:45.501858,2,公司网站,"[{""added"": {}}]",7,1,1
14,2018-05-16 17:26:04.749097,3,购物网站,"[{""added"": {}}]",7,1,1
15,2018-05-16 17:26:18.065124,4,在线教育,"[{""added"": {}}]",7,1,1
16,2018-05-16 17:30:30.384423,5,公司网站标题一,"[{""added"": {}}]",8,1,1
17,2018-05-17 09:59:56.437168,1,城市公共信息服务平台,"[{""changed"": {""fields"": [""abstract"", ""is_hot""]}}]",8,1,2
18,2018-05-17 10:00:04.468627,5,公司网站标题一,"[{""changed"": {""fields"": [""is_hot""]}}]",8,1,2
19,2018-05-17 13:59:29.431256,1,国企单位,"[{""added"": {}}]",9,1,1
20,2018-05-17 13:59:40.669899,2,科研机构,"[{""added"": {}}]",9,1,1
21,2018-05-17 13:59:50.208445,3,高等院校,"[{""added"": {}}]",9,1,1
22,2018-05-17 13:59:59.164957,4,快递物流,"[{""added"": {}}]",9,1,1
23,2018-05-17 14:00:08.501491,5,制造企业,"[{""added"": {}}]",9,1,1
24,2018-05-17 14:03:47.638025,1,中国广核集团,"[{""added"": {}}]",10,1,1
25,2018-05-17 14:04:40.931073,2,中铁十一局集团有限公司,"[{""added"": {}}]",10,1,1
26,2018-05-17 14:13:54.882757,3,中国中车股份有限公司,"[{""added"": {}}]",10,1,1
27,2018-05-17 14:14:17.181033,4,首都机场集团,"[{""added"": {}}]",10,1,1
28,2018-05-17 14:14:53.586115,5,山西晋煤集团技术研究院,"[{""added"": {}}]",10,1,1
29,2018-05-17 14:15:22.931793,6,宁波市计量测试研究院,"[{""added"": {}}]",10,1,1
30,2018-05-17 14:15:58.896850,7,北京大学,"[{""added"": {}}]",10,1,1
31,2018-05-17 14:16:21.132122,8,浙江大学,"[{""added"": {}}]",10,1,1
32,2018-05-17 14:16:50.499802,9,中国邮政,"[{""added"": {}}]",10,1,1
33,2018-05-17 14:18:32.532638,10,海南南国食品实业有限公司,"[{""added"": {}}]",10,1,1
34,2018-05-17 16:23:15.331630,6,教育标题一,"[{""added"": {}}]",8,1,1
35,2018-05-17 16:41:14.315344,6,教育标题一,"[{""changed"": {""fields"": [""abstract"", ""views""]}}]",8,1,2
36,2018-05-17 16:42:23.282289,4,标题一,"[{""changed"": {""fields"": [""abstract""]}}]",8,1,2
37,2018-05-17 16:42:38.110137,6,教育标题一,"[{""changed"": {""fields"": [""abstract""]}}]",8,1,2
38,2018-05-17 16:43:24.867811,6,教育标题一,"[{""changed"": {""fields"": [""abstract""]}}]",8,1,2
39,2018-05-17 16:45:03.070428,6,教育标题一,"[{""changed"": {""fields"": [""abstract""]}}]",8,1,2
40,2018-05-17 16:45:42.542686,6,教育标题一,"[{""changed"": {""fields"": [""abstract""]}}]",8,1,2
41,2018-05-17 16:50:07.099817,5,公司网站标题一,"[{""changed"": {""fields"": [""abstract""]}}]",8,1,2
42,2018-05-17 17:22:38.968458,6,教育标题一,"[{""changed"": {""fields"": [""published""]}}]",8,1,2
43,2018-05-17 17:31:54.836252,4,标题一,"[{""changed"": {""fields"": [""abstract"", ""is_publish""]}}]",8,1,2
44,2018-05-17 17:36:25.952759,4,标题一,"[{""changed"": {""fields"": [""is_publish""]}}]",8,1,2
45,2018-05-17 17:36:36.558365,5,公司网站标题一,"[{""changed"": {""fields"": [""is_publish""]}}]",8,1,2
46,2018-05-17 17:51:46.438407,5,公司网站标题一,"[{""changed"": {""fields"": [""is_publish""]}}]",8,1,2
47,2018-05-17 17:55:14.949334,1,中国广核集团,"[{""changed"": {""fields"": [""is_publish""]}}]",10,1,2
48,2018-05-17 17:56:38.325102,6,教育标题一,"[{""changed"": {""fields"": [""is_publish""]}}]",8,1,2
49,2018-05-17 17:57:16.245271,5,公司网站标题一,"[{""changed"": {""fields"": [""is_publish""]}}]",8,1,2
50,2018-05-17 20:43:06.365386,6,教育标题一,"[{""changed"": {""fields"": [""is_hot""]}}]",8,1,2
51,2018-05-17 20:43:15.639916,6,教育标题一,"[{""changed"": {""fields"": [""is_hot""]}}]",8,1,2
52,2018-05-18 11:00:17.165898,7,标题1,new through import_export,8,1,1
53,2018-05-18 11:00:17.353099,8,标题2,new through import_export,8,1,1
54,2018-05-18 11:00:17.524699,9,标题3,new through import_export,8,1,1
55,2018-05-18 11:00:17.711899,10,标题4,new through import_export,8,1,1
56,2018-05-18 11:00:17.883500,11,标题5,new through import_export,8,1,1
57,2018-05-18 11:00:18.055100,12,标题6,new through import_export,8,1,1
58,2018-05-18 11:00:18.257900,13,标题7,new through import_export,8,1,1
59,2018-05-18 11:00:18.445101,14,标题8,new through import_export,8,1,1
60,2018-05-18 11:00:18.647901,15,标题9,new through import_export,8,1,1
61,2018-05-18 11:00:18.835101,16,标题10,new through import_export,8,1,1
62,2018-05-18 11:00:19.057502,17,标题11,new through import_export,8,1,1
63,2018-05-18 11:00:19.260302,18,标题12,new through import_export,8,1,1
64,2018-05-18 11:00:19.447502,19,标题13,new through import_export,8,1,1
65,2018-05-18 11:00:19.665903,20,标题14,new through import_export,8,1,1
66,2018-05-18 11:00:19.868703,21,标题15,new through import_export,8,1,1
67,2018-05-18 11:00:20.073504,22,标题16,new through import_export,8,1,1
68,2018-05-18 11:00:20.273204,23,标题17,new through import_export,8,1,1
69,2018-05-18 11:00:20.460405,24,标题18,new through import_export,8,1,1
70,2018-05-18 11:00:20.647605,25,标题19,new through import_export,8,1,1
71,2018-05-18 11:00:20.866005,26,标题20,new through import_export,8,1,1
72,2018-05-18 11:00:21.053206,27,标题21,new through import_export,8,1,1
73,2018-05-18 11:00:21.271606,28,标题22,new through import_export,8,1,1
74,2018-05-18 11:00:21.490006,29,标题23,new through import_export,8,1,1
75,2018-05-18 11:00:21.692807,30,标题24,new through import_export,8,1,1
76,2018-05-18 11:00:21.911207,31,标题25,new through import_export,8,1,1
77,2018-05-18 11:00:22.147208,32,标题26,new through import_export,8,1,1
78,2018-05-18 11:02:08.012696,24,标题18,"[{""changed"": {""fields"": [""content""]}}]",8,1,2
79,2018-05-18 11:02:33.145944,28,标题22,"[{""changed"": {""fields"": [""content""]}}]",8,1,2
80,2018-05-18 11:02:38.786554,29,标题23,"[{""changed"": {""fields"": [""content""]}}]",8,1,2
81,2018-05-18 11:03:12.688521,30,标题24,"[{""changed"": {""fields"": [""content""]}}]",8,1,2
82,2018-05-18 11:03:19.012934,31,标题25,"[{""changed"": {""fields"": [""content""]}}]",8,1,2
83,2018-05-18 11:03:24.448744,32,标题26,"[{""changed"": {""fields"": [""content""]}}]",8,1,2
84,2018-05-18 11:03:31.604557,27,标题21,"[{""changed"": {""fields"": [""content""]}}]",8,1,2
85,2018-05-18 11:03:38.901770,26,标题20,"[{""changed"": {""fields"": [""content""]}}]",8,1,2
86,2018-05-18 11:03:48.766389,25,标题19,"[{""changed"": {""fields"": [""content""]}}]",8,1,2
87,2018-05-18 11:07:59.680458,32,标题26,"[{""changed"": {""fields"": [""is_hot""]}}]",8,1,2
88,2018-05-18 11:08:00.164059,30,标题24,"[{""changed"": {""fields"": [""is_hot""]}}]",8,1,2
89,2018-05-18 11:08:00.585260,28,标题22,"[{""changed"": {""fields"": [""is_hot""]}}]",8,1,2
90,2018-05-18 11:10:46.992368,32,标题26,"",8,1,3
91,2018-05-18 11:10:47.165969,31,标题25,"",8,1,3
92,2018-05-18 11:10:47.337569,30,标题24,"",8,1,3
93,2018-05-18 11:10:47.540369,29,标题23,"",8,1,3
94,2018-05-18 11:10:47.961570,28,标题22,"",8,1,3
95,2018-05-18 11:10:48.164371,27,标题21,"",8,1,3
96,2018-05-18 11:10:48.351571,26,标题20,"",8,1,3
97,2018-05-18 11:10:48.538771,25,标题19,"",8,1,3
98,2018-05-18 11:10:48.725972,24,标题18,"",8,1,3
99,2018-05-18 11:10:48.928772,23,标题17,"",8,1,3
100,2018-05-18 11:10:49.133572,22,标题16,"",8,1,3
101,2018-05-18 11:10:49.336373,21,标题15,"",8,1,3
102,2018-05-18 11:10:49.539173,20,标题14,"",8,1,3
103,2018-05-18 11:10:49.743974,19,标题13,"",8,1,3
104,2018-05-18 11:10:49.946774,18,标题12,"",8,1,3
105,2018-05-18 11:10:50.151574,17,标题11,"",8,1,3
106,2018-05-18 11:10:50.338775,16,标题10,"",8,1,3
107,2018-05-18 11:10:50.541575,15,标题9,"",8,1,3
108,2018-05-18 11:10:50.728775,14,标题8,"",8,1,3
109,2018-05-18 11:10:51.009576,13,标题7,"",8,1,3
110,2018-05-18 11:10:51.352776,12,标题6,"",8,1,3
111,2018-05-18 11:10:51.539977,11,标题5,"",8,1,3
112,2018-05-18 11:10:51.758377,10,标题4,"",8,1,3
113,2018-05-18 11:10:51.961178,9,标题3,"",8,1,3
114,2018-05-18 11:10:52.181578,8,标题2,"",8,1,3
115,2018-05-18 11:10:52.399978,7,标题1,"",8,1,3
116,2018-05-18 11:11:44.399275,33,标题1,new through import_export,8,1,1
117,2018-05-18 11:11:44.586476,34,标题2,new through import_export,8,1,1
118,2018-05-18 11:11:44.773676,35,标题3,new through import_export,8,1,1
119,2018-05-18 11:11:44.992076,36,标题4,new through import_export,8,1,1
120,2018-05-18 11:11:45.163677,37,标题5,new through import_export,8,1,1
121,2018-05-18 11:11:45.350877,38,标题6,new through import_export,8,1,1
122,2018-05-18 11:11:45.538077,39,标题7,new through import_export,8,1,1
123,2018-05-18 11:11:45.740878,40,标题8,new through import_export,8,1,1
124,2018-05-18 11:11:45.943678,41,标题9,new through import_export,8,1,1
125,2018-05-18 11:11:46.151479,42,标题10,new through import_export,8,1,1
126,2018-05-18 11:11:46.354279,43,标题11,new through import_export,8,1,1
127,2018-05-18 11:11:46.557079,44,标题12,new through import_export,8,1,1
128,2018-05-18 11:11:46.761880,45,标题13,new through import_export,8,1,1
129,2018-05-18 11:11:46.995880,46,标题14,new through import_export,8,1,1
130,2018-05-18 11:11:47.204681,47,标题15,new through import_export,8,1,1
131,2018-05-18 11:11:47.407481,48,标题16,new through import_export,8,1,1
132,2018-05-18 11:11:47.610282,49,标题17,new through import_export,8,1,1
133,2018-05-18 11:11:47.828682,50,标题18,new through import_export,8,1,1
134,2018-05-18 11:11:48.031482,51,标题19,new through import_export,8,1,1
135,2018-05-18 11:11:48.234283,52,标题20,new through import_export,8,1,1
136,2018-05-18 11:11:48.437083,53,标题21,new through import_export,8,1,1
137,2018-05-18 11:11:48.639883,54,标题22,new through import_export,8,1,1
138,2018-05-18 11:11:48.858284,55,标题23,new through import_export,8,1,1
139,2018-05-18 11:11:49.078684,56,标题24,new through import_export,8,1,1
140,2018-05-18 11:11:49.297085,57,标题25,new through import_export,8,1,1
141,2018-05-18 11:11:49.515485,58,标题26,new through import_export,8,1,1
142,2018-05-18 11:12:09.594522,58,标题26,"[{""changed"": {""fields"": [""is_hot""]}}]",8,1,2
143,2018-05-18 11:12:09.984523,56,标题24,"[{""changed"": {""fields"": [""is_hot""]}}]",8,1,2
144,2018-05-18 11:12:10.392124,50,标题18,"[{""changed"": {""fields"": [""is_hot""]}}]",8,1,2
145,2018-05-18 11:14:42.345206,58,标题26,"",8,1,3
146,2018-05-18 11:14:42.548006,57,标题25,"",8,1,3
147,2018-05-18 11:14:42.719606,56,标题24,"",8,1,3
148,2018-05-18 11:14:42.969207,55,标题23,"",8,1,3
149,2018-05-18 11:14:43.142807,54,标题22,"",8,1,3
150,2018-05-18 11:14:43.345608,53,标题21,"",8,1,3
151,2018-05-18 11:14:43.548408,52,标题20,"",8,1,3
152,2018-05-18 11:14:43.735608,51,标题19,"",8,1,3
153,2018-05-18 11:14:43.922809,50,标题18,"",8,1,3
154,2018-05-18 11:14:44.112009,49,标题17,"",8,1,3
155,2018-05-18 11:14:44.283609,48,标题16,"",8,1,3
156,2018-05-18 11:14:44.486410,47,标题15,"",8,1,3
157,2018-05-18 11:14:44.673610,46,标题14,"",8,1,3
158,2018-05-18 11:14:44.923210,45,标题13,"",8,1,3
159,2018-05-18 11:14:45.188411,44,标题12,"",8,1,3
160,2018-05-18 11:14:45.375611,43,标题11,"",8,1,3
161,2018-05-18 11:14:45.578412,42,标题10,"",8,1,3
162,2018-05-18 11:14:45.765612,41,标题9,"",8,1,3
163,2018-05-18 11:14:46.032813,40,标题8,"",8,1,3
164,2018-05-18 11:14:46.235613,39,标题7,"",8,1,3
165,2018-05-18 11:14:46.422813,38,标题6,"",8,1,3
166,2018-05-18 11:14:46.610014,37,标题5,"",8,1,3
167,2018-05-18 11:14:46.797214,36,标题4,"",8,1,3
168,2018-05-18 11:14:47.055815,35,标题3,"",8,1,3
169,2018-05-18 11:14:47.258615,34,标题2,"",8,1,3
170,2018-05-18 11:14:47.461416,33,标题1,"",8,1,3
171,2018-05-18 11:15:03.223844,59,标题1,new through import_export,8,1,1
172,2018-05-18 11:15:03.473445,60,标题2,new through import_export,8,1,1
173,2018-05-18 11:15:03.863446,61,标题3,new through import_export,8,1,1
174,2018-05-18 11:15:04.115046,62,标题4,new through import_export,8,1,1
175,2018-05-18 11:15:04.317846,63,标题5,new through import_export,8,1,1
176,2018-05-18 11:15:04.489447,64,标题6,new through import_export,8,1,1
177,2018-05-18 11:15:04.692247,65,标题7,new through import_export,8,1,1
178,2018-05-18 11:15:04.910648,66,标题8,new through import_export,8,1,1
179,2018-05-18 11:15:05.115448,67,标题9,new through import_export,8,1,1
180,2018-05-18 11:15:05.318248,68,标题10,new through import_export,8,1,1
181,2018-05-18 11:15:05.505449,69,标题11,new through import_export,8,1,1
182,2018-05-18 11:15:05.708249,70,标题12,new through import_export,8,1,1
183,2018-05-18 11:15:05.911049,71,标题13,new through import_export,8,1,1
184,2018-05-18 11:15:06.113850,72,标题14,new through import_export,8,1,1
185,2018-05-18 11:15:06.332250,73,标题15,new through import_export,8,1,1
186,2018-05-18 11:15:06.535050,74,标题16,new through import_export,8,1,1
187,2018-05-18 11:15:06.737851,75,标题17,new through import_export,8,1,1
188,2018-05-18 11:15:06.956251,76,标题18,new through import_export,8,1,1
189,2018-05-18 11:15:07.161052,77,标题19,new through import_export,8,1,1
190,2018-05-18 11:15:07.348252,78,标题20,new through import_export,8,1,1
191,2018-05-18 11:15:07.566652,79,标题21,new through import_export,8,1,1
192,2018-05-18 11:15:07.785053,80,标题22,new through import_export,8,1,1
193,2018-05-18 11:15:08.003453,81,标题23,new through import_export,8,1,1
194,2018-05-18 11:15:08.239454,82,标题24,new through import_export,8,1,1
195,2018-05-18 11:15:08.473454,83,标题25,new through import_export,8,1,1
196,2018-05-18 11:15:08.676254,84,标题26,new through import_export,8,1,1
197,2018-05-18 11:15:17.160070,84,标题26,"[{""changed"": {""fields"": [""is_hot""]}}]",8,1,2
198,2018-05-18 11:15:17.534471,82,标题24,"[{""changed"": {""fields"": [""is_hot""]}}]",8,1,2
199,2018-05-18 11:15:18.174072,81,标题23,"[{""changed"": {""fields"": [""is_hot""]}}]",8,1,2
200,2018-05-18 14:48:14.957168,84,标题26,"[{""changed"": {""fields"": [""is_publish""]}}]",8,1,2
201,2018-05-18 14:48:15.322188,82,标题24,"[{""changed"": {""fields"": [""is_publish""]}}]",8,1,2
202,2018-05-18 14:48:15.705210,80,标题22,"[{""changed"": {""fields"": [""is_publish""]}}]",8,1,2
203,2018-05-18 14:48:16.084232,79,标题21,"[{""changed"": {""fields"": [""is_publish""]}}]",8,1,2
204,2018-05-18 14:48:16.509256,77,标题19,"[{""changed"": {""fields"": [""is_publish""]}}]",8,1,2
205,2018-05-18 14:58:12.741359,78,标题20,"[{""changed"": {""fields"": [""is_hot""]}}]",8,1,2
206,2018-05-18 16:18:07.638611,1,基础配置,"[{""added"": {}}, {""added"": {""object"": ""\u7ad9\u70b9\u540d\u79f0"", ""name"": ""\u7cfb\u7edf\u914d\u7f6e""}}, {""added"": {""object"": ""\u5907\u6848\u53f7"", ""name"": ""\u7cfb\u7edf\u914d\u7f6e""}}, {""added"": {""object"": ""\u7981\u6b62IP"", ""name"": ""\u7cfb\u7edf\u914d\u7f6e""}}]",13,1,1
207,2018-05-18 16:22:10.568506,2,邮件配置,"[{""added"": {}}, {""added"": {""name"": ""\u7cfb\u7edf\u914d\u7f6e"", ""object"": ""SMTP\u670d\u52a1\u5668""}}, {""added"": {""name"": ""\u7cfb\u7edf\u914d\u7f6e"", ""object"": ""SMTP\u7aef\u53e3""}}, {""added"": {""name"": ""\u7cfb\u7edf\u914d\u7f6e"", ""object"": ""SMTP\u7528\u6237\u540d""}}, {""added"": {""name"": ""\u7cfb\u7edf\u914d\u7f6e"", ""object"": ""SMTP\u5bc6\u7801""}}, {""added"": {""name"": ""\u7cfb\u7edf\u914d\u7f6e"", ""object"": ""\u53d1\u4ef6\u4eba\u90ae\u7bb1""}}]",13,1,1
208,2018-05-22 11:36:12.778431,84,标题26,"",8,1,3
209,2018-05-22 11:36:13.073448,83,标题25,"",8,1,3
210,2018-05-22 11:36:13.239458,82,标题24,"",8,1,3
211,2018-05-22 11:36:13.419468,81,标题23,"",8,1,3
212,2018-05-22 11:36:13.606479,80,标题22,"",8,1,3
213,2018-05-22 11:36:13.785489,79,标题21,"",8,1,3
214,2018-05-22 11:36:13.963499,78,标题20,"",8,1,3
215,2018-05-22 11:36:14.154510,77,标题19,"",8,1,3
216,2018-05-22 11:36:14.343521,76,标题18,"",8,1,3
217,2018-05-22 11:36:14.546532,75,标题17,"",8,1,3
218,2018-05-22 11:36:14.751544,74,标题16,"",8,1,3
219,2018-05-22 11:36:14.987558,73,标题15,"",8,1,3
220,2018-05-22 11:36:15.217571,72,标题14,"",8,1,3
221,2018-05-22 11:36:15.420582,71,标题13,"",8,1,3
222,2018-05-22 11:36:15.611593,70,标题12,"",8,1,3
223,2018-05-22 11:36:15.803604,69,标题11,"",8,1,3
224,2018-05-22 11:36:16.011616,68,标题10,"",8,1,3
225,2018-05-22 11:36:16.193627,67,标题9,"",8,1,3
226,2018-05-22 11:36:16.386638,66,标题8,"",8,1,3
227,2018-05-22 11:36:16.584649,65,标题7,"",8,1,3
228,2018-05-22 11:36:16.769660,64,标题6,"",8,1,3
229,2018-05-22 11:36:17.042675,63,标题5,"",8,1,3
230,2018-05-22 11:36:17.235686,62,标题4,"",8,1,3
231,2018-05-22 11:36:17.435698,61,标题3,"",8,1,3
232,2018-05-22 11:36:17.634709,60,标题2,"",8,1,3
233,2018-05-22 11:36:17.818720,59,标题1,"",8,1,3
234,2018-05-22 11:37:25.224575,85,标题1,new through import_export,8,1,1
235,2018-05-22 11:37:25.395585,86,标题2,new through import_export,8,1,1
236,2018-05-22 11:37:25.595596,87,标题3,new through import_export,8,1,1
237,2018-05-22 11:37:25.791607,88,标题4,new through import_export,8,1,1
238,2018-05-22 11:37:25.984618,89,标题5,new through import_export,8,1,1
239,2018-05-22 11:37:26.172629,90,标题6,new through import_export,8,1,1
240,2018-05-22 11:37:26.376641,91,标题7,new through import_export,8,1,1
241,2018-05-22 11:37:26.577652,92,标题8,new through import_export,8,1,1
242,2018-05-22 11:37:26.801665,93,标题9,new through import_export,8,1,1
243,2018-05-22 11:37:27.056680,94,标题10,new through import_export,8,1,1
244,2018-05-22 11:37:27.256691,95,标题11,new through import_export,8,1,1
245,2018-05-22 11:37:27.443702,96,标题12,new through import_export,8,1,1
246,2018-05-22 11:37:27.631713,97,标题13,new through import_export,8,1,1
247,2018-05-22 11:37:27.910729,98,标题14,new through import_export,8,1,1
248,2018-05-22 11:37:28.224747,99,标题15,new through import_export,8,1,1
249,2018-05-22 11:37:28.400757,100,标题16,new through import_export,8,1,1
250,2018-05-22 11:37:28.582767,101,标题17,new through import_export,8,1,1
251,2018-05-22 11:37:28.771778,102,标题18,new through import_export,8,1,1
252,2018-05-22 11:37:28.982790,103,标题19,new through import_export,8,1,1
253,2018-05-22 11:37:29.174801,104,标题20,new through import_export,8,1,1
254,2018-05-22 11:37:29.363812,105,标题21,new through import_export,8,1,1
255,2018-05-22 11:37:29.557823,106,标题22,new through import_export,8,1,1
256,2018-05-22 11:37:29.745834,107,标题23,new through import_export,8,1,1
257,2018-05-22 11:37:29.953845,108,标题24,new through import_export,8,1,1
258,2018-05-22 11:37:30.155857,109,标题25,new through import_export,8,1,1
259,2018-05-22 11:37:30.355868,110,标题26,new through import_export,8,1,1
260,2018-05-29 15:03:44.368185,1,公司简介,"[{""added"": {}}]",11,1,1
261,2018-05-29 15:06:48.408712,2,汇款账号,"[{""added"": {}}]",11,1,1
262,2018-05-29 15:07:23.520720,3,资质认证,"[{""added"": {}}]",11,1,1
263,2018-05-29 15:07:59.769794,4,管理团队,"[{""added"": {}}]",11,1,1
264,2018-05-29 15:09:46.749913,5,联系方式,"[{""added"": {}}]",11,1,1
265,2018-05-29 15:15:36.497917,1,公司简介,"[{""changed"": {""fields"": [""img""]}}]",11,1,2
266,2018-05-29 15:18:10.291713,1,公司简介,"[{""changed"": {""fields"": [""content""]}}]",11,1,2
267,2018-05-29 15:30:18.206348,2,汇款账号,[],11,1,2
268,2018-05-29 15:42:42.239904,5,联系方式,"[{""changed"": {""fields"": [""content""]}}]",11,1,2
269,2018-05-29 15:43:03.780136,5,联系方式,[],11,1,2
270,2018-05-29 15:44:08.257824,5,联系方式,"[{""changed"": {""fields"": [""content""]}}]",11,1,2
271,2018-05-29 15:44:28.814000,5,联系方式,"[{""changed"": {""fields"": [""content""]}}]",11,1,2
272,2018-05-29 15:56:37.348670,1,公司简介,"[{""changed"": {""fields"": [""title"", ""subtitle""]}}]",11,1,2
273,2018-05-29 15:58:40.020686,5,联系方式,"[{""changed"": {""fields"": [""title""]}}]",11,1,2
274,2018-05-29 15:59:06.050175,5,联系方式,"[{""changed"": {""fields"": [""is_show""]}}]",11,1,2
275,2018-05-29 15:59:25.873309,5,联系方式,"[{""changed"": {""fields"": [""is_show""]}}]",11,1,2
276,2022-11-30 08:58:48.369347,2,汇款账号,"[{""changed"": {""fields"": [""title"", ""content""]}}]",11,1,2
277,2022-11-30 09:29:24.178101,3,资质认证,"[{""changed"": {""fields"": [""title"", ""content""]}}]",11,1,2
